model,accuracy,f1,roc_auc
logreg,0.75,0.782608695652174,0.7348484848484849
rf,0.525,0.5777777777777777,0.6174242424242424
